SimulatedADI,RealADI,ADI_PDIFF,MAE,SMAPE,PDIFF
1861.6619258731776,1989.3752198252307,-6.419769014880606,15.813559322033898,27.988718463910605,-23.494897959183675
