SimulatedADI,RealADI,ADI_PDIFF,MAE,SMAPE,PDIFF
1012.8565068886511,1104.3752198252307,-8.286921989345487,12.525423728813559,21.703594652193566,-17.21938775510204
